total_requests,error_count,unique_paths,error_ratio,ftp_ratio,weblogin_ratio,label
19,10,7,0.5263157894736842,0.8676737239738089,0.9247412003027544,1
35,10,3,0.2857142857142857,0.7311094421730852,0.7063123721200969,1
40,18,3,0.45,0.043107145669142644,0.8946584581389739,1
31,2,9,0.06451612903225806,0.7578685998805863,0.40865593329635164,1
23,4,7,0.17391304347826086,0.7270558600420083,0.4743579005471986,1
48,17,6,0.3541666666666667,0.7021822702530401,0.23449417081972201,1
37,8,9,0.21621621621621623,0.7248771915324119,0.22844304224745415,0
20,3,4,0.15,0.987434599577204,0.1167583650055537,1
34,17,4,0.5,0.2704378458787162,0.8287033835360158,1
7,12,6,1.7142857142857142,0.7526966527382146,0.2902808847257605,1
45,9,3,0.2,0.6806161691766486,0.6163443366451397,1
13,7,5,0.5384615384615384,0.6949787143341378,0.24194549682423194,1
25,1,4,0.04,0.2607276973467494,0.15226736979789357,0
7,17,1,2.4285714285714284,0.0824975085241424,0.2798024197379132,1
39,8,4,0.20512820512820512,0.3755119365209262,0.2906382597059738,0
47,15,7,0.3191489361702128,0.7386268787924088,0.18674200354061077,1
12,1,5,0.08333333333333333,0.3327803366976152,0.1692499146030192,0
46,7,1,0.15217391304347827,0.7008514481765747,0.713416191965912,1
5,5,4,1.0,0.7645200208190102,0.13942335826819152,1
34,8,5,0.23529411764705882,0.4742061890356156,0.7085882991441469,1
33,8,8,0.24242424242424243,0.3617649067406795,0.5446297648978135,0
14,12,5,0.8571428571428571,0.6943426242301318,0.542760730744778,1
25,3,2,0.12,0.27061737186831225,0.7268922208136944,0
49,6,9,0.12244897959183673,0.7296816042917523,0.4198064103500251,1
18,16,8,0.8888888888888888,0.12267900380963359,0.2058319814970594,1
31,3,5,0.0967741935483871,0.957773103702167,0.5577487202242262,1
33,13,7,0.3939393939393939,0.047964937820988096,0.18932417169795823,0
20,15,1,0.75,0.7430816451529024,0.012657688987411153,1
37,16,8,0.43243243243243246,0.6909074902109442,0.7558373718527914,1
6,18,1,3.0,0.037479636189379106,0.4108870136502327,1
20,7,4,0.35,0.8513497969680787,0.10105197245989228,1
28,6,8,0.21428571428571427,0.00986544579879034,0.5302816223037683,0
36,4,5,0.1111111111111111,0.1002555821871216,0.8015860761893367,0
16,19,1,1.1875,0.21926087104642455,0.2846574813688335,1
24,8,7,0.3333333333333333,0.9525274709119051,0.9527111126458294,1
42,6,6,0.14285714285714285,0.019670625642447814,0.27739984325727773,0
11,13,1,1.1818181818181819,0.1769408953588959,0.5999293486327568,1
31,9,9,0.2903225806451613,0.7582546742520205,0.8108810760245306,1
24,12,6,0.5,0.25717925181874457,0.07641001711780637,0
5,4,2,0.8,0.6116170295993194,0.05858914952933847,1
17,15,8,0.8823529411764706,0.9018260623677097,0.8697084164629191,1
9,9,4,1.0,0.6830308992967014,0.809106475720172,1
9,12,9,1.3333333333333333,0.4696294027711275,0.5678148861767842,1
13,1,1,0.07692307692307693,0.43472395138821085,0.20681416879185144,0
18,17,5,0.9444444444444444,0.08233699982875664,0.6035902380604691,1
28,12,3,0.42857142857142855,0.16449163301449732,0.03704445868698303,0
18,7,2,0.3888888888888889,0.7945549849646009,0.8995486781187398,1
29,10,4,0.3448275862068966,0.7520708190236749,0.5603432981933346,1
15,16,8,1.0666666666666667,0.32670655260129955,0.6692561999494502,1
31,9,1,0.2903225806451613,0.18823280559798683,0.47744707640850215,0
35,1,7,0.02857142857142857,0.2700375170334879,0.6600548803556581,0
28,11,7,0.39285714285714285,0.34730061014774705,0.8138776016979754,1
47,11,2,0.23404255319148937,0.6118155113959545,0.22717758706380653,0
46,8,8,0.17391304347826086,0.33453297779039937,0.22743005334955768,0
30,18,6,0.6,0.5650741950433209,0.16795484918735226,1
35,1,2,0.02857142857142857,0.3023508958377269,0.8511219949148239,0
5,8,9,1.6,0.7397167080360995,0.3516171679445744,1
34,1,3,0.029411764705882353,0.7388609521102073,0.142258986032484,0
10,16,5,1.6,0.0892741666833261,0.4629307142749497,1
42,16,1,0.38095238095238093,0.18218277512457415,0.08112699295142511,0
21,12,3,0.5714285714285714,0.16155031677892173,0.7557734286507607,1
11,18,4,1.6363636363636365,0.810832102904371,0.7621171305768037,1
43,6,3,0.13953488372093023,0.5775652569999927,0.3625921023979406,0
38,16,4,0.42105263157894735,0.38058297717248046,0.5617199824539109,1
33,11,7,0.3333333333333333,0.6121977623677557,0.659636436311246,1
49,18,9,0.3673469387755102,0.25718891822635626,0.6134062410397642,1
9,6,5,0.6666666666666666,0.568745012415989,0.3313933714868096,1
17,7,1,0.4117647058823529,0.4102827023574642,0.14423229445867514,0
20,9,5,0.45,0.3617952498810909,0.3632736157271995,0
5,19,4,3.8,0.24378275566667018,0.014266689651760256,1
28,4,7,0.14285714285714285,0.2194190125223784,0.08753532148879362,0
15,6,4,0.4,0.21772517123889545,0.646369709503401,1
36,9,6,0.25,0.7393866533339656,0.4266137087960107,1
10,16,6,1.6,0.2669796194266252,0.662050819052506,1
41,1,9,0.024390243902439025,0.1536806825868795,0.6116035278634799,0
40,15,8,0.375,0.4965141982667698,0.4592572688930372,1
14,14,9,1.0,0.591350127914317,0.482097308894901,1
49,13,3,0.2653061224489796,0.42684108235031604,0.3806698993564611,0
22,19,4,0.8636363636363636,0.9146104205370389,0.12327603221752081,1
41,17,9,0.4146341463414634,0.08926867275673855,0.4775081199273701,0
27,18,2,0.6666666666666666,0.03865866559806397,0.3624687958312277,0
21,18,4,0.8571428571428571,0.6406838261390647,0.29049908748018205,1
8,2,7,0.25,0.3729372545230599,0.13445530134734163,0
41,10,4,0.24390243902439024,0.6197056931719747,0.5261482380543073,1
32,14,4,0.4375,0.9281208317985793,0.5611940297247792,1
39,1,3,0.02564102564102564,0.41772289490948356,0.9505698492184774,1
5,2,9,0.4,0.16890922863133484,0.7380635911094336,1
34,10,9,0.29411764705882354,0.1928104832830786,0.5556388594632151,0
34,15,1,0.4411764705882353,0.04368893276032759,0.8487978099818136,1
15,3,4,0.2,0.3405609107670611,0.8113745786084733,1
29,16,5,0.5517241379310345,0.016781011046455907,0.22962012468742254,0
14,13,9,0.9285714285714286,0.7141355395443174,0.42250439911255855,1
18,19,5,1.0555555555555556,0.6483354625565512,0.17407724382003775,1
43,16,1,0.37209302325581395,0.18885861429987327,0.9824476616864566,1
28,15,3,0.5357142857142857,0.2897234834793586,0.5166916110306577,1
13,17,9,1.3076923076923077,0.8185489877235044,0.5310440877205868,1
5,10,1,2.0,0.8469676648608387,0.6834825783084013,1
21,7,1,0.3333333333333333,0.3961844805283793,0.7601139128807517,1
13,4,7,0.3076923076923077,0.25393846665872266,0.42429129796417775,0
27,7,7,0.25925925925925924,0.7047641302084985,0.10543745678678795,0
46,15,7,0.32608695652173914,0.20827781701441228,0.3743588883369974,0
9,17,5,1.8888888888888888,0.5068136314755256,0.25264552159832654,1
15,3,5,0.2,0.9005758195733664,0.1315498543503646,1
43,10,3,0.23255813953488372,0.1490292531330234,0.8273025856132993,1
5,14,3,2.8,0.9344459600726076,0.8600968514228051,1
39,13,4,0.3333333333333333,0.288806842342336,0.06252779070625503,0
17,8,6,0.47058823529411764,0.2788774552797667,0.8677835058373244,1
40,8,9,0.2,0.17959289757533348,0.0007743161392029796,0
17,9,9,0.5294117647058824,0.19976336832692998,0.4942518841227739,1
8,18,5,2.25,0.26318363081305973,0.2553205405370623,1
31,13,4,0.41935483870967744,0.08686900316353774,0.28785048344187425,0
24,2,2,0.08333333333333333,0.8494860397118775,0.07643302610678104,0
46,1,7,0.021739130434782608,0.9261122302888045,0.3832239393955702,1
47,1,6,0.02127659574468085,0.8108106222923611,0.8497496365597205,1
44,4,9,0.09090909090909091,0.571308702312203,0.5772083385693536,1
35,2,4,0.05714285714285714,0.42131554743080746,0.35838875074830623,0
11,19,1,1.7272727272727273,0.7841092601712165,0.6013027690489781,1
40,19,1,0.475,0.994548761486155,0.27691157465399296,1
14,9,8,0.6428571428571429,0.22068509534078928,0.5973337189692004,1
24,1,2,0.041666666666666664,0.9933433164269632,0.0825207022436536,0
36,7,9,0.19444444444444445,0.11761745891317843,0.04377338532890118,0
49,5,5,0.10204081632653061,0.016531887669383738,0.7638011275684371,0
37,13,4,0.35135135135135137,0.316843326043885,0.6982804874207049,1
28,16,7,0.5714285714285714,0.5026213196455517,0.8968591060002256,1
49,17,2,0.3469387755102041,0.36605301620216035,0.5100948704570539,1
42,12,4,0.2857142857142857,0.07116828210732051,0.6690544756451058,0
36,17,3,0.4722222222222222,0.20151930597807688,0.9925383076467735,1
49,5,2,0.10204081632653061,0.17526327159581323,0.5989726425514653,0
13,16,6,1.2307692307692308,0.9874233223380265,0.25774047883288664,1
48,5,5,0.10416666666666667,0.25935550238276806,0.12155679428206023,0
21,16,6,0.7619047619047619,0.3427235176890179,0.8622052987648765,1
34,8,2,0.23529411764705882,0.20892819386844497,0.18480401924320455,0
30,13,1,0.43333333333333335,0.9049734533649644,0.9063599889071026,1
9,7,6,0.7777777777777778,0.044530630547199634,0.0956156528190647,0
43,5,8,0.11627906976744186,0.6499633524899598,0.16033097491765025,0
44,7,5,0.1590909090909091,0.8182337050860468,0.10759430045575025,0
13,1,2,0.07692307692307693,0.2259107984862102,0.8869573040779016,0
42,12,1,0.2857142857142857,0.20234713674847016,0.06421075593859094,0
18,12,8,0.6666666666666666,0.9712088353643908,0.29401365639142163,1
6,5,7,0.8333333333333334,0.17679805474875432,0.10280619662952206,0
49,11,3,0.22448979591836735,0.152124567800191,0.2792934696777739,0
41,4,6,0.0975609756097561,0.5705863192277699,0.7974879066585958,1
37,7,2,0.1891891891891892,0.6176914469858923,0.904418959655751,1
38,18,1,0.47368421052631576,0.5079479786557665,0.14698414885108324,0
49,10,8,0.20408163265306123,0.579331906981368,0.742799693398152,1
33,1,5,0.030303030303030304,0.2878516698383534,0.9728772100973381,1
13,9,9,0.6923076923076923,0.41604722531347305,0.9774092233998565,1
8,3,9,0.375,0.7291491383786134,0.7090688248867503,1
45,4,9,0.08888888888888889,0.22390532248414285,0.6244333768940385,0
14,5,6,0.35714285714285715,0.34917524477650963,0.9694740897589069,1
41,4,7,0.0975609756097561,0.14387427582365353,0.18316506725812698,0
45,19,3,0.4222222222222222,0.9719316455732718,0.49687374082407276,1
43,12,8,0.27906976744186046,0.8682565774243222,0.34594008009667554,1
43,16,5,0.37209302325581395,0.11151429929904,0.716620684480521,1
26,7,4,0.2692307692307692,0.7858076830567347,0.5254727079782322,1
15,2,3,0.13333333333333333,0.4750553010211438,0.7843747132371182,1
29,6,6,0.20689655172413793,0.6709604295765571,0.7865562912770617,1
40,13,5,0.325,0.44846148644857486,0.865584341097209,1
42,16,3,0.38095238095238093,0.08539300552300311,0.791819997052818,1
47,1,6,0.02127659574468085,0.5072983629150836,0.14532743793415526,0
17,10,8,0.5882352941176471,0.8734475668248709,0.02153399191679295,1
39,7,6,0.1794871794871795,0.41784311757805737,0.46792158810292317,0
20,17,6,0.85,0.3583266153338871,0.9066506238136448,1
5,12,9,2.4,0.31209230981118685,0.702691997043869,1
28,16,6,0.5714285714285714,0.1997981101424562,0.41039195827704433,0
38,6,9,0.15789473684210525,0.07780457484749825,0.3215528876109729,0
45,12,9,0.26666666666666666,0.643602551887345,0.38367787979491497,1
31,5,5,0.16129032258064516,0.09945147929015896,0.9274489975271698,0
26,15,4,0.5769230769230769,0.6544356020330346,0.2771687432325318,1
45,19,8,0.4222222222222222,0.3016249754361352,0.9818316776170931,1
34,7,3,0.20588235294117646,0.9011254603296684,0.14253318993360342,1
44,11,4,0.25,0.9906296497396645,0.5477206015353795,1
5,7,4,1.4,0.08232855780411563,0.11564369800425067,1
19,12,7,0.631578947368421,0.1394509903787774,0.04311450452214449,0
48,11,6,0.22916666666666666,0.9492947163374693,0.7632764308985162,1
30,9,2,0.3,0.15850279401417966,0.33723404043053595,0
30,8,1,0.26666666666666666,0.5837821116401342,0.3545929010598704,1
8,8,3,1.0,0.11365712980341647,0.6350378895771088,1
15,7,4,0.4666666666666667,0.19638295961293029,0.9197336805068443,1
39,19,3,0.48717948717948717,0.3729741448223389,0.3477634153809698,1
9,10,7,1.1111111111111112,0.15716515041529477,0.28059610121861744,1
27,17,9,0.6296296296296297,0.14013225070085333,0.37986232445997925,0
34,14,2,0.4117647058823529,0.7303978466270533,0.560274699561194,1
21,17,7,0.8095238095238095,0.9727186219608623,0.2089455895856286,1
48,9,7,0.1875,0.15008225648727125,0.8786621424184861,1
45,16,9,0.35555555555555557,0.321613642517416,0.8892820873469545,1
48,15,5,0.3125,0.901370987140388,0.8530940200397542,1
22,2,9,0.09090909090909091,0.2552587425671301,0.5985112936048738,0
45,4,7,0.08888888888888889,0.5685443416125325,0.40641408251958855,0
48,9,2,0.1875,0.9885922182090808,0.7922280552496912,1
27,2,8,0.07407407407407407,0.9830287516888161,0.08913245946482973,0
15,1,1,0.06666666666666667,0.8237940167969172,0.6927257852355524,1
44,9,1,0.20454545454545456,0.806727929479119,0.15502871170198984,0
35,6,4,0.17142857142857143,0.39506874312008855,0.2555543190145092,0
37,6,3,0.16216216216216217,0.7590451240369896,0.28494122875896577,1
16,2,1,0.125,0.9376697767820517,0.03954535844024987,0
29,17,5,0.5862068965517241,0.445713584068566,0.8183970273630423,1
26,9,1,0.34615384615384615,0.22795333308303956,0.4496103944759644,0
44,18,7,0.4090909090909091,0.8277246158130078,0.01616546975954103,1
13,4,7,0.3076923076923077,0.9349386312307134,0.1403076208716605,1
17,14,5,0.8235294117647058,0.27836992662419013,0.564181412551014,1
12,4,2,0.3333333333333333,0.2952209187218324,0.6009888321378818,1
17,6,2,0.35294117647058826,0.5089003940631074,0.29169384621100614,0
5,15,9,3.0,0.6241501376592965,0.2227879619465427,1
32,9,3,0.28125,0.5909104364415576,0.7296477799440242,1
25,9,3,0.36,0.42360421305648865,0.6281253296897125,1
5,13,8,2.6,0.37979288398106126,0.5462744968810803,1
48,6,8,0.125,0.6826910398300534,0.7624226915957529,1
8,9,8,1.125,0.03371808769844964,0.6770375097670934,1
31,14,1,0.45161290322580644,0.9927090173146464,0.11921894424310608,1
18,5,3,0.2777777777777778,0.5640283156468122,0.7888639660944553,1
13,2,8,0.15384615384615385,0.46106993720466893,0.5908932325457744,1
40,4,6,0.1,0.10401801711009007,0.044799290397217306,0
6,16,1,2.6666666666666665,0.13268795358629148,0.8989365351496358,1
25,1,5,0.04,0.30280807437156,0.3559187548043221,0
11,18,2,1.6363636363636365,0.93698169556767,0.6082850758652899,1
12,14,7,1.1666666666666667,0.9187315800486455,0.34091666869860837,1
21,19,2,0.9047619047619048,0.46279925640689823,0.1809099704881727,1
47,2,2,0.0425531914893617,0.9711096381972232,0.1372279500125152,0
28,13,8,0.4642857142857143,0.5233387963110862,0.42315925517956476,1
23,9,3,0.391304347826087,0.8119605695676061,0.7071893818417349,1
28,15,4,0.5357142857142857,0.3074503133307963,0.6757654959833157,1
16,9,9,0.5625,0.17735016754236188,0.7342624705907699,1
15,7,8,0.4666666666666667,0.6196643982097386,0.6340838752572551,1
19,11,5,0.5789473684210527,0.9101925645439707,0.8622530523881451,1
19,17,7,0.8947368421052632,0.21408731117515867,0.6528895466681971,1
49,8,8,0.16326530612244897,0.9638596917753712,0.4299063366343854,1
19,12,9,0.631578947368421,0.9324214817269955,0.7262573322673707,1
43,3,7,0.06976744186046512,0.03568207190359285,0.5091906631433124,0
27,4,6,0.14814814814814814,0.4409275438680349,0.44616636770944473,0
23,6,2,0.2608695652173913,0.3871774428252327,0.33627611294245874,0
35,1,8,0.02857142857142857,0.7672954419662914,0.7572047184994584,1
28,19,5,0.6785714285714286,0.7353226343846311,0.6997392599839354,1
43,10,6,0.23255813953488372,0.8050102058111904,0.6960403121064123,1
38,18,5,0.47368421052631576,0.46485022045164825,0.3687029276149021,1
31,11,4,0.3548387096774194,0.12272191936674082,0.39209890515345647,0
22,18,4,0.8181818181818182,0.7907118232497613,0.8376983528016767,1
15,15,8,1.0,0.02196154716583465,0.6915242521271576,1
25,6,1,0.24,0.7629079995320682,0.8288179783687902,1
45,7,2,0.15555555555555556,0.05519966331384352,0.6102072601190606,0
17,19,9,1.1176470588235294,0.8285707457190576,0.557385961179237,1
22,2,2,0.09090909090909091,0.8662137148687403,0.5826018272363267,1
17,3,5,0.17647058823529413,0.44714219913561604,0.8134344065402308,1
37,2,2,0.05405405405405406,0.04347315404947083,0.8551500912208911,0
31,13,9,0.41935483870967744,0.2429543529167154,0.5248952341914201,0
20,18,1,0.9,0.4123184373583785,0.36190280864945323,1
10,12,8,1.2,0.19434998587305752,0.8964326990749033,1
24,5,9,0.20833333333333334,0.20786946352804803,0.5607190625500096,0
8,18,2,2.25,0.09882422837763005,0.395645634640474,1
35,3,5,0.08571428571428572,0.44959654177331765,0.5952311195836516,0
48,10,6,0.20833333333333334,0.3056749430519392,0.41406280461623857,0
28,1,8,0.03571428571428571,0.1737404073463028,0.9908786598567263,1
48,19,3,0.3958333333333333,0.7807919900027862,0.9434221774432388,1
49,17,8,0.3469387755102041,0.8714029839133085,0.29588074909814066,1
27,18,5,0.6666666666666666,0.7808541428635664,0.9356863980193134,1
46,9,6,0.1956521739130435,0.9565219561704702,0.15434011344769427,1
45,7,4,0.15555555555555556,0.47557677286309996,0.9537832040357408,1
12,3,9,0.25,0.5519018291948129,0.6762640202902199,1
6,14,7,2.3333333333333335,0.6807744153825911,0.9251130161118234,1
23,12,2,0.5217391304347826,0.8911091488704769,0.5871033824258391,1
9,12,3,1.3333333333333333,0.582895678269984,0.39026619494649784,1
29,7,3,0.2413793103448276,0.6870739980289583,0.7310969233967965,1
34,13,2,0.38235294117647056,0.3195875772961352,0.737062691614774,1
45,17,9,0.37777777777777777,0.10721871536394201,0.46645551534077,0
23,5,3,0.21739130434782608,0.5513275522340946,0.695571753095411,1
37,6,6,0.16216216216216217,0.9677660175401086,0.5934900635307323,1
19,13,9,0.6842105263157895,0.6851430513268372,0.8632503245254748,1
12,13,9,1.0833333333333333,0.7894687294109122,0.8334397176899934,1
48,13,5,0.2708333333333333,0.9124316037511802,0.3113396275932597,1
9,17,9,1.8888888888888888,0.8925891114555762,0.21045000124576307,1
22,18,8,0.8181818181818182,0.2096839920507766,0.7519147387831028,1
25,17,8,0.68,0.984095447599125,0.4916627822918065,1
46,8,2,0.17391304347826086,0.7149499291650313,0.5275467955812084,1
14,11,1,0.7857142857142857,0.22925947214049391,0.4912179558832195,1
27,8,4,0.2962962962962963,0.26561033905703624,0.4160819523754845,0
29,12,7,0.41379310344827586,0.9197317834498087,0.4722641437183389,1
49,17,9,0.3469387755102041,0.21516488940721346,0.902912296119828,1
7,18,3,2.5714285714285716,0.8973417662257828,0.7721890473035519,1
43,9,5,0.20930232558139536,0.4838065448848381,0.20816081138088482,0
27,4,5,0.14814814814814814,0.38525507337355125,0.8573934123177336,1
36,18,9,0.5,0.6694514498447618,0.1792243087192158,1
12,4,3,0.3333333333333333,0.9115840433835815,0.47736595983177776,1
33,16,8,0.48484848484848486,0.4871735302020771,0.6158356824248026,1
40,17,4,0.425,0.12907417571133029,0.8124122578762047,1
36,12,6,0.3333333333333333,0.47909152504118946,0.44329458533267485,1
21,2,7,0.09523809523809523,0.11475659121476678,0.7180728078820401,0
16,13,3,0.8125,0.5701534190940198,0.8113720700744815,1
36,2,3,0.05555555555555555,0.9311765753162983,0.07597965522896966,0
37,18,8,0.4864864864864865,0.831859563974466,0.30638730945127923,1
11,16,6,1.4545454545454546,0.39949647211612216,0.005024612216227631,1
41,18,6,0.43902439024390244,0.4323133796106021,0.6754386925384229,1
5,3,5,0.6,0.7825726789195302,0.891807601728896,1
48,17,6,0.3541666666666667,0.314307165963596,0.7082888751253992,1
13,13,2,1.0,0.6564329552039168,0.5160282563994888,1
37,2,6,0.05405405405405406,0.33021737541138363,0.7489981865902903,0
30,10,1,0.3333333333333333,0.24995345874226993,0.4589860404618086,0
14,9,7,0.6428571428571429,0.30873130386315206,0.7719111632812569,1
46,5,4,0.10869565217391304,0.6935700637455782,0.7187489616909714,1
5,18,5,3.6,0.0425670815256779,0.4546453732565956,1
32,2,7,0.0625,0.27581648624079735,0.7229306466436072,0
12,6,9,0.5,0.5630368542016582,0.8295379778867829,1
37,3,9,0.08108108108108109,0.8311068998947562,0.08021474775260684,0
10,7,6,0.7,0.40407777041013515,0.4739021575271465,1
8,18,5,2.25,0.09049291974475637,0.14516677741759831,1
19,4,1,0.21052631578947367,0.6182659890964138,0.8750103834055603,1
39,13,9,0.3333333333333333,0.596199605856292,0.7466545357884856,1
39,8,9,0.20512820512820512,0.6087968393185785,0.35606416506836247,0
25,12,9,0.48,0.33558194789851203,0.08386028040954863,0
39,3,2,0.07692307692307693,0.830282163617709,0.3370741255830181,1
30,7,8,0.23333333333333334,0.7051087341924579,0.29252885442944276,1
41,16,8,0.3902439024390244,0.9179091765333747,0.3430399872444295,1
24,10,4,0.4166666666666667,0.8872653728214054,0.7449117941061755,1
12,9,4,0.75,0.9945555862248449,0.04521098915533184,1
30,9,3,0.3,0.19273404318784637,0.8140831987730407,1
49,5,5,0.10204081632653061,0.9097919810895924,0.6215233431237773,1
32,19,7,0.59375,0.9826168756029473,0.8053725980678634,1
21,7,6,0.3333333333333333,0.7155318578130455,0.9715538024971313,1
44,18,9,0.4090909090909091,0.07511746761605742,0.800558048235,1
36,15,7,0.4166666666666667,0.9555533240951376,0.8253065327330353,1
28,7,3,0.25,0.7064745887588281,0.4225004379714652,1
9,19,3,2.111111111111111,0.8717747236492378,0.4665819866163794,1
49,10,3,0.20408163265306123,0.9438119568631342,0.7311159159975876,1
32,15,2,0.46875,0.9020742212906148,0.505458463314324,1
11,16,4,1.4545454545454546,0.05851240273141822,0.8662604667887238,1
37,16,2,0.43243243243243246,0.03414397332626806,0.0854406881865788,0
26,3,5,0.11538461538461539,0.3974159400807922,0.13119841845812952,0
37,9,1,0.24324324324324326,0.6403846797091797,0.9366185149138886,1
13,17,7,1.3076923076923077,0.2224253882594338,0.1507530887951828,1
39,16,7,0.41025641025641024,0.6686778519728369,0.09405801868372154,0
31,16,9,0.5161290322580645,0.7174095059535193,0.010449431301328582,1
26,1,6,0.038461538461538464,0.00709573096614069,0.9427134014145656,0
37,17,2,0.4594594594594595,0.5105578492456058,0.6547680148446947,1
44,18,4,0.4090909090909091,0.5831344363552294,0.7876969766614154,1
21,14,1,0.6666666666666666,0.025515680163777477,0.9428891611653643,1
27,10,9,0.37037037037037035,0.1494909076894182,0.16980597066172876,0
22,17,3,0.7727272727272727,0.05971023390368568,0.44042495143389315,1
31,13,1,0.41935483870967744,0.7257008144331787,0.6891776204814251,1
11,4,8,0.36363636363636365,0.14263434358094262,0.7173965496936627,1
41,12,5,0.2926829268292683,0.34545057454861183,0.672572533790467,1
29,16,7,0.5517241379310345,0.6073044624148491,0.4942784142101744,1
21,18,6,0.8571428571428571,0.6614242533777694,0.4023777441068195,1
10,15,4,1.5,0.6883073235102117,0.4985891148604379,1
6,19,8,3.1666666666666665,0.0030188873745179423,0.7948524540061817,1
27,11,8,0.4074074074074074,0.015426580048869099,0.26790815057973405,0
23,9,2,0.391304347826087,0.39690959727908826,0.0020024060344844274,0
44,10,3,0.22727272727272727,0.4035831023360159,0.946022427198666,1
22,11,3,0.5,0.8913939398796799,0.11658599224662602,1
18,15,8,0.8333333333333334,0.20810417318482,0.9567123874441917,1
16,2,1,0.125,0.8679940101404603,0.30768017249272483,1
32,6,6,0.1875,0.08180035160242938,0.7446720537958501,0
6,1,5,0.16666666666666666,0.16690429193752465,0.03715050579374546,0
31,1,6,0.03225806451612903,0.8637088943850687,0.6924252924432165,1
33,11,6,0.3333333333333333,0.823185528253316,0.022812146269970413,0
18,19,5,1.0555555555555556,0.3031336043077868,0.15157660204432266,1
5,9,2,1.8,0.5468284260108744,0.6517682882048921,1
23,18,1,0.782608695652174,0.9612476632044975,0.7084929410927946,1
39,17,4,0.4358974358974359,0.566035844187177,0.4203229403240112,1
49,7,6,0.14285714285714285,0.19838891240722378,0.2725150323148492,0
44,3,2,0.06818181818181818,0.5171403188366785,0.6742881827512491,1
23,5,3,0.21739130434782608,0.19792786215492952,0.04871190417543092,0
10,14,7,1.4,0.18015365759436552,0.6859310934355205,1
21,14,4,0.6666666666666666,0.6064994681489795,0.8227840247554046,1
5,10,2,2.0,0.7141031478707894,0.6931568027533861,1
42,14,8,0.3333333333333333,0.3232233163615865,0.4457854841134936,0
49,8,6,0.16326530612244897,0.5736896082486449,0.20184522105102065,0
18,15,2,0.8333333333333334,0.8590986893320668,0.2427935467710246,1
11,17,6,1.5454545454545454,0.9673530561081252,0.14820517811985212,1
38,18,6,0.47368421052631576,0.6632929633526298,0.2857405137845326,1
7,18,4,2.5714285714285716,0.12812385266776272,0.8386969905571448,1
13,19,4,1.4615384615384615,0.16560927117050006,0.4427408566211779,1
46,5,7,0.10869565217391304,0.08274402715809615,0.7413517424889794,0
42,7,3,0.16666666666666666,0.9377583682872186,0.46961586524330046,1
37,13,9,0.35135135135135137,0.830201492385162,0.27163287757480237,1
21,5,9,0.23809523809523808,0.5653727173265205,0.21744146509814377,0
9,11,8,1.2222222222222223,0.16045701151698355,0.9820752856917998,1
9,18,1,2.0,0.8588689988509123,0.531767804527707,1
46,17,9,0.3695652173913043,0.3278213827361478,0.8608808242545652,1
48,11,8,0.22916666666666666,0.44256841893584253,0.06837884049690035,0
30,14,3,0.4666666666666667,0.8491309782339053,0.762168326585376,1
40,12,7,0.3,0.9887913761225496,0.39533550943447826,1
16,4,8,0.25,0.7206270175920314,0.6235605683632096,1
31,13,8,0.41935483870967744,0.3605331301730623,0.19714936277808515,0
21,14,2,0.6666666666666666,0.4156131477096149,0.4872693994432832,1
30,17,1,0.5666666666666667,0.7611606682391131,0.18357857735991245,1
42,5,9,0.11904761904761904,0.09141450328032352,0.6600433159566198,0
33,11,5,0.3333333333333333,0.5652934371083039,0.6422590832175051,1
5,5,4,1.0,0.013901537199975,0.8539304193582448,1
31,18,9,0.5806451612903226,0.09499458977824071,0.31544196961508275,0
30,14,7,0.4666666666666667,0.2859025943049335,0.008287361341679289,0
45,8,4,0.17777777777777778,0.22584444605877252,0.34227378104484896,0
16,5,3,0.3125,0.44144970262286465,0.0423865248748202,0
22,6,9,0.2727272727272727,0.20549661273735753,0.7400892220917487,1
40,10,5,0.25,0.6004745220476102,0.8073636223131687,1
13,10,9,0.7692307692307693,0.41933237843328897,0.7401415445034686,1
45,5,5,0.1111111111111111,0.2521682097197667,0.4164936572718534,0
11,10,2,0.9090909090909091,0.588100993616424,0.6124359006093644,1
28,14,5,0.5,0.6866821000331055,0.8412385080931959,1
32,14,1,0.4375,0.5402074338708605,0.5855980781837259,1
27,2,7,0.07407407407407407,0.35656768813462547,0.7388052011279417,0
10,7,3,0.7,0.013832386035329547,0.8259682648344249,1
22,4,2,0.18181818181818182,0.81037620939903,0.12091179469132907,0
43,11,2,0.2558139534883721,0.7429750830877785,0.6326518205672313,1
10,8,7,0.8,0.8427230479542032,0.3024872788508032,1
13,12,1,0.9230769230769231,0.970138247293564,0.8731579316965262,1
31,17,7,0.5483870967741935,0.9826054424775768,0.11540382859647991,1
11,14,6,1.2727272727272727,0.8354114394996444,0.061178025155864346,1
21,13,5,0.6190476190476191,0.059308074378769504,0.14340799269052396,0
39,19,2,0.48717948717948717,0.2573669952129225,0.5378875626456957,1
27,5,6,0.18518518518518517,0.4831398516583505,0.6200472269217521,1
22,7,4,0.3181818181818182,0.6030057441152062,0.6530857615981287,1
6,18,2,3.0,0.1732346233094404,0.6774188281091221,1
29,15,3,0.5172413793103449,0.4173314339643307,0.42509569720966633,1
6,5,5,0.8333333333333334,0.2169446032876302,0.4002935418058816,1
14,16,5,1.1428571428571428,0.46686439190149176,0.3411892286609517,1
10,13,7,1.3,0.4688383593657939,0.818043165092152,1
48,11,6,0.22916666666666666,0.4367927313754001,0.5755387974621358,1
18,11,2,0.6111111111111112,0.864400383281094,0.7238626978384541,1
34,15,9,0.4411764705882353,0.4990142007930012,0.41178404453057327,1
34,12,3,0.35294117647058826,0.11252148065435097,0.5188764525338815,0
13,12,8,0.9230769230769231,0.3190435322566616,0.22171776421474,1
46,13,4,0.2826086956521739,0.3508843830287224,0.9579802442126434,1
20,11,4,0.55,0.18546554679453686,0.5177181236161252,1
28,3,8,0.10714285714285714,0.6237343404185091,0.9031620022822067,1
15,7,6,0.4666666666666667,0.4488332929229608,0.4664891488353118,1
36,2,3,0.05555555555555555,0.12738588629568282,0.5651415547243243,0
37,7,3,0.1891891891891892,0.10039845583777662,0.5122774301135157,0
33,9,6,0.2727272727272727,0.07296278221953822,0.6734877980878994,0
11,3,7,0.2727272727272727,0.28141888727651443,0.7240809122121881,1
9,3,9,0.3333333333333333,0.3377312487217973,0.5579741797075983,1
35,18,5,0.5142857142857142,0.654471558700921,0.7555980581766677,1
22,9,2,0.4090909090909091,0.5609115314148292,0.9495394890341573,1
39,6,2,0.15384615384615385,0.5921952908037394,0.5337261952569969,1
8,19,3,2.375,0.675649880097692,0.7888997398840993,1
14,14,5,1.0,0.0031833941433191404,0.08300531502623365,0
44,4,8,0.09090909090909091,0.9726631816207256,0.9167631657294728,1
10,19,7,1.9,0.5980955044647944,0.6148573058683505,1
44,7,1,0.1590909090909091,0.6432450293691497,0.7371433521479945,1
10,1,6,0.1,0.7836097050260472,0.9352530613808627,1
33,9,4,0.2727272727272727,0.969677800338649,0.6795750258092583,1
16,2,9,0.125,0.06600028439899674,0.8336360265273882,0
35,17,3,0.4857142857142857,0.48926035838362414,0.08454080057270241,0
27,16,5,0.5925925925925926,0.13613218460258214,0.630265363068121,1
39,19,6,0.48717948717948717,0.16545913803611145,0.683824665512026,1
27,5,6,0.18518518518518517,0.09639155517412168,0.9451924976900395,1
35,15,8,0.42857142857142855,0.5291081507384408,0.40495870147834434,1
11,17,1,1.5454545454545454,0.7319149729615436,0.8966416783410234,1
45,9,2,0.2,0.32293820480814117,0.024376078091831066,0
36,4,3,0.1111111111111111,0.42962073174264315,0.7390608362658885,1
30,11,9,0.36666666666666664,0.3420857048893141,0.3929685010556362,0
23,7,1,0.30434782608695654,0.11127460973512004,0.585001322734012,0
29,10,2,0.3448275862068966,0.9660015412377003,0.3018272930553356,1
46,19,1,0.41304347826086957,0.39417129342438384,0.4826016283110338,1
47,10,1,0.2127659574468085,0.49433983366352874,0.6288615118652965,1
18,4,4,0.2222222222222222,0.043965956291090125,0.9124650127992553,0
47,7,6,0.14893617021276595,0.22687813318809857,0.9311401040094311,1
30,13,2,0.43333333333333335,0.7475458987918226,0.2985385324551343,1
25,3,6,0.12,0.3098055436181586,0.34990076717816154,0
7,10,2,1.4285714285714286,0.7681266630067716,0.10379700020097726,1
8,3,1,0.375,0.167453337837406,0.4387419433597948,0
15,8,1,0.5333333333333333,0.8506229896114362,0.6697519639647215,1
26,3,2,0.11538461538461539,0.22594991270162945,0.23239209763309365,0
14,14,9,1.0,0.9689113788124644,0.022741546113256073,1
45,3,6,0.06666666666666667,0.5585895484168475,0.6175222748601085,1
17,16,2,0.9411764705882353,0.4884492703984822,0.9872277606086942,1
8,8,1,1.0,0.024690077323410442,0.49232885369660717,1
6,12,7,2.0,0.8019742750772596,0.5593645536770904,1
35,9,5,0.2571428571428571,0.43606369487213226,0.07610200945435674,0
35,12,6,0.34285714285714286,0.6714923355892838,0.6913049586142326,1
17,14,1,0.8235294117647058,0.5753498432193191,0.2342204131697898,1
27,10,6,0.37037037037037035,0.04148813775577931,0.7340514881877183,0
24,2,2,0.08333333333333333,0.465133014774059,0.4585778988247643,0
49,1,2,0.02040816326530612,0.5997160317084461,0.04896479185980862,0
33,13,5,0.3939393939393939,0.6984662065810388,0.8103532988091615,1
37,12,2,0.32432432432432434,0.8424062195608218,0.21998002250865667,1
30,18,2,0.6,0.2183082624397421,0.5320859933792109,1
28,13,1,0.4642857142857143,0.9163730661168252,0.9049389026647524,1
15,15,3,1.0,0.3308696343068789,0.8036138600012591,1
40,1,9,0.025,0.8766362400197146,0.7575934570503997,1
29,14,5,0.4827586206896552,0.24716207280370261,0.34624726815915596,0
18,12,3,0.6666666666666666,0.6352980639238528,0.7367968607933781,1
24,15,8,0.625,0.9979560852037656,0.387845027186139,1
29,1,6,0.034482758620689655,0.50536810848951,0.22793662578180685,0
39,7,4,0.1794871794871795,0.4648862041339624,0.4825706398094709,0
35,14,7,0.4,0.602325523826629,0.8961698364063935,1
25,13,3,0.52,0.21704284054236178,0.24454215135140323,0
7,7,4,1.0,0.9677701179602205,0.9890010778726799,1
18,10,8,0.5555555555555556,0.8811409696762533,0.9372107772171738,1
35,11,4,0.3142857142857143,0.9910428055644027,0.7169151818931485,1
41,5,5,0.12195121951219512,0.49534416244524837,0.7051440602012213,1
11,12,7,1.0909090909090908,0.05101171004736871,0.23696242602255468,1
35,18,3,0.5142857142857142,0.12173533252524427,0.5604291318707845,0
38,11,7,0.2894736842105263,0.45461476670423373,0.02736423602040783,0
14,18,7,1.2857142857142858,0.6244012319592733,0.009399446456300975,1
32,12,5,0.375,0.3640832009673811,0.3513817954330325,0
31,7,5,0.22580645161290322,0.9327915268249651,0.23469670193505154,1
35,13,5,0.37142857142857144,0.9644622245929463,0.03237677758107804,1
40,2,4,0.05,0.003946917391832061,0.6868548549349834,0
8,16,4,2.0,0.5492093560264869,0.9179509892235803,1
38,15,1,0.39473684210526316,0.3507702069447163,0.3463742657157268,0
9,15,4,1.6666666666666667,0.42259639068873633,0.048661037307227706,1
26,10,9,0.38461538461538464,0.8229030577671498,0.34027402645799365,1
35,18,8,0.5142857142857142,0.2858294566701022,0.14547543672143615,0
38,16,5,0.42105263157894735,0.9303069512399017,0.010283684495499434,1
36,15,6,0.4166666666666667,0.6237597498833893,0.756074428347846,1
23,8,1,0.34782608695652173,0.7080317803897911,0.21001348104863315,1
45,7,9,0.15555555555555556,0.3559273098058663,0.015497751148996985,0
33,17,4,0.5151515151515151,0.288409977096735,0.9061574413933154,1
7,5,9,0.7142857142857143,0.4929867378666223,0.12130446415959806,1
43,14,1,0.32558139534883723,0.8552868556878717,0.9996980625269696,1
15,11,2,0.7333333333333333,0.0855932237561211,0.2175634773779015,0
8,19,8,2.375,0.17555463111876313,0.4031776985791684,1
22,11,8,0.5,0.8045343678825387,0.49195651753098424,1
14,6,2,0.42857142857142855,0.6835876469804203,0.7146877383374662,1
44,5,5,0.11363636363636363,0.4923159486796689,0.09715912384000358,0
40,8,9,0.2,0.5116948388400405,0.4991130922034528,1
8,10,6,1.25,0.23654127970953887,0.6742912390015762,1
36,15,7,0.4166666666666667,0.9545822219067177,0.548530514855994,1
42,3,5,0.07142857142857142,0.06668078970228297,0.8957119227046808,0
10,4,8,0.4,0.9154539100835618,0.03789230219528961,1
43,12,8,0.27906976744186046,0.7250070381598396,0.3714235034317661,1
30,1,2,0.03333333333333333,0.46835088555099746,0.364554893122625,0
15,2,1,0.13333333333333333,0.38933837790658177,0.8090792414937317,1
16,11,7,0.6875,0.47028035388133804,0.9569913573104682,1
13,18,2,1.3846153846153846,0.11356893201135432,0.688318361188722,1
44,8,9,0.18181818181818182,0.1661821342881734,0.9718198468057088,1
22,14,7,0.6363636363636364,0.26646194334167284,0.34912035658574014,1
48,18,6,0.375,0.6150748157331097,0.4652806672893902,1
37,14,6,0.3783783783783784,0.9310582746926732,0.020982659727896924,1
37,3,2,0.08108108108108109,0.3298409512808247,0.40566683504361056,0
38,12,1,0.3157894736842105,0.3514279340294927,0.34727301619598006,0
29,8,9,0.27586206896551724,0.6487431249454281,0.8489678417048483,1
25,9,8,0.36,0.4288582610115885,0.8497871406593769,1
17,14,6,0.8235294117647058,0.3435953181279757,0.6026873085119254,1
25,19,1,0.76,0.5091639933558872,0.01127165999088442,1
5,4,9,0.8,0.9974118184721315,0.7881122328130535,1
47,1,3,0.02127659574468085,0.9248766221037009,0.18935194472463646,0
40,17,4,0.425,0.4878134804579638,0.5094368764363627,1
48,17,6,0.3541666666666667,0.99803805642534,0.7792533512632372,1
40,12,8,0.3,0.05108523955076061,0.7731505989747292,0
26,1,6,0.038461538461538464,0.4526902807863209,0.8940657414003854,1
30,16,1,0.5333333333333333,0.84611848939616,0.5063841658022651,1
32,8,9,0.25,0.20991709603459974,0.842303626424388,1
47,13,4,0.2765957446808511,0.12727056222879718,0.547953375434841,0
17,8,2,0.47058823529411764,0.4691736909424359,0.8659371095506161,1
34,7,2,0.20588235294117646,0.051065277453385294,0.6775357289527038,0
16,16,2,1.0,0.6601684679882153,0.9406190367022504,1
21,1,5,0.047619047619047616,0.6894644047043527,0.02803916251152294,0
41,14,1,0.34146341463414637,0.9009664080747208,0.811723403199861,1
32,13,9,0.40625,0.03519679914151397,0.6090436468332608,0
47,17,8,0.3617021276595745,0.46081122817228815,0.6841962272848776,1
23,16,9,0.6956521739130435,0.20400731693755025,0.2457991944835286,0
16,18,5,1.125,0.6792195903093645,0.2795217011591037,1
28,9,8,0.32142857142857145,0.9352536977582839,0.21205849728764803,1
43,5,5,0.11627906976744186,0.6751614545849677,0.8924176196244653,1
37,4,9,0.10810810810810811,0.48228840946069307,0.0068179275743727175,0
31,12,1,0.3870967741935484,0.7256469197032799,0.7091175012756562,1
5,4,7,0.8,0.8177536744509909,0.17303341811044526,1
15,2,7,0.13333333333333333,0.1556125531594016,0.8087448177880027,0
27,11,7,0.4074074074074074,0.833076272606939,0.1751102030040712,1
38,15,1,0.39473684210526316,0.046891034970599654,0.252695109863486,0
35,19,8,0.5428571428571428,0.773263687950231,0.5622325349778732,1
42,14,1,0.3333333333333333,0.5372478847362049,0.7742444079236755,1
42,8,7,0.19047619047619047,0.39649014998906285,0.050474523249396386,0
36,14,3,0.3888888888888889,0.7903459356903139,0.6128901039681761,1
47,7,6,0.14893617021276595,0.14426593728717163,0.9246410729837287,1
28,10,4,0.35714285714285715,0.452505537023586,0.13288195093321453,0
17,17,3,1.0,0.8378946531700041,0.8902500569776067,1
18,14,1,0.7777777777777778,0.7587462321833708,0.30416781520659975,1
8,16,9,2.0,0.8199180545402934,0.8224770201116114,1
27,19,3,0.7037037037037037,0.4564519419179677,0.3988784847349026,1
9,12,6,1.3333333333333333,0.03821503367902512,0.16880918247070775,1
13,12,8,0.9230769230769231,0.3867857187147796,0.49872581182733466,1
27,7,3,0.25925925925925924,0.6270318102963522,0.5103826463759845,1
23,7,3,0.30434782608695654,0.7414742919734663,0.6354856697019997,1
45,10,3,0.2222222222222222,0.20228669621719675,0.5790865121388417,0
15,6,2,0.4,0.7486104548738315,0.7394605834322061,1
26,13,8,0.5,0.3457881882686926,0.4447341405733657,1
5,1,5,0.2,0.1387183522273715,0.20664548625966073,0
45,4,9,0.08888888888888889,0.2631793442159204,0.30140675998869615,0
45,15,5,0.3333333333333333,0.6843642880966726,0.08905368236401134,0
35,10,1,0.2857142857142857,0.186480375364368,0.06760081044516097,0
9,13,8,1.4444444444444444,0.012677606174529732,0.784766006369092,1
27,8,3,0.2962962962962963,0.7445051612339347,0.9321453260957435,1
32,6,2,0.1875,0.49903601908892203,0.7883186097354091,1
45,15,6,0.3333333333333333,0.8938872615535883,0.4395246554445267,1
33,11,3,0.3333333333333333,0.14526637905078132,0.6195293377715333,0
46,14,7,0.30434782608695654,0.33086281655106964,0.5805119700021346,1
27,18,7,0.6666666666666666,0.9160207385979678,0.21275810677411522,1
7,4,1,0.5714285714285714,0.5276186531770143,0.07648134699859688,0
23,8,9,0.34782608695652173,0.28892451190420443,0.3557679823479968,0
5,4,9,0.8,0.33361464151418996,0.9463008853924125,1
29,6,1,0.20689655172413793,0.5151111981290516,0.24084394505494788,0
21,2,3,0.09523809523809523,0.4528520960850496,0.826356505209741,1
32,8,5,0.25,0.9425650104546291,0.4763973941536713,1
28,15,4,0.5357142857142857,0.9955650006377347,0.3228355015795774,1
14,10,5,0.7142857142857143,0.6680792694160678,0.9190654666760851,1
48,5,8,0.10416666666666667,0.9404959373636307,0.1408819093047441,0
14,18,9,1.2857142857142858,0.29612269099226396,0.15325616588007385,1
47,2,8,0.0425531914893617,0.4425586387489312,0.0591686534741227,0
24,17,2,0.7083333333333334,0.4926179279190168,0.27537420739087703,1
24,16,9,0.6666666666666666,0.24933822156286978,0.1653622360378484,0
25,11,5,0.44,0.5621181435422479,0.689979044637659,1
45,2,8,0.044444444444444446,0.2317757334800068,0.7940409617816412,0
32,9,2,0.28125,0.8103188451726091,0.7433728375859167,1
44,14,4,0.3181818181818182,0.4240943555725203,0.91257377911532,1
5,15,9,3.0,0.3685582623467226,0.17811899967073608,1
29,17,9,0.5862068965517241,0.13034206766520207,0.8863880098386965,1
42,15,3,0.35714285714285715,0.24627963612251158,0.5577659639297451,0
26,7,4,0.2692307692307692,0.30268092170387284,0.8602821604241288,1
41,12,4,0.2926829268292683,0.7231980214920457,0.2669711906538168,1
5,9,8,1.8,0.06224837074814604,0.6954688326917966,1
21,6,6,0.2857142857142857,0.10655077884215791,0.8525843604372096,1
6,16,7,2.6666666666666665,0.27057408634492264,0.08617039419219796,1
13,11,1,0.8461538461538461,0.854574451284228,0.6145537466346874,1
17,14,6,0.8235294117647058,0.1450538275135589,0.6026542141431411,1
27,1,2,0.037037037037037035,0.3332042339696233,0.7452997674555121,0
33,14,5,0.42424242424242425,0.20210843222406039,0.7940485827587127,1
32,4,6,0.125,0.7891885526195941,0.1841749889562635,0
31,3,7,0.0967741935483871,0.21560960001772733,0.4509938201220117,0
22,12,4,0.5454545454545454,0.8668223861193031,0.06512838858633663,1
47,19,8,0.40425531914893614,0.44198851849802356,0.7267160076649901,1
7,8,3,1.1428571428571428,0.9805429369987532,0.7458805527860926,1
36,17,4,0.4722222222222222,0.5156736988527281,0.46540578705415125,1
23,6,3,0.2608695652173913,0.15233207209925337,0.9526573107155072,1
37,10,1,0.2702702702702703,0.5496123068933629,0.9102436651313017,1
27,2,9,0.07407407407407407,0.7998184050705173,0.8079340601501427,1
18,13,7,0.7222222222222222,0.9842837643062281,0.3666709221967347,1
43,13,4,0.3023255813953488,0.38374206993992743,0.8327807142917174,1
21,4,1,0.19047619047619047,0.6084714590886016,0.8823370751267694,1
31,15,6,0.4838709677419355,0.4585455915555783,0.7671009763325108,1
34,6,4,0.17647058823529413,0.902668708287305,0.1449371951204237,1
9,14,5,1.5555555555555556,0.360449899786067,0.33048093041453075,1
23,8,9,0.34782608695652173,0.14011388020226256,0.5257341226999798,0
31,12,9,0.3870967741935484,0.7104766759773323,0.8516675176774613,1
28,12,4,0.42857142857142855,0.3066918377978466,0.565825615233396,1
38,18,6,0.47368421052631576,0.5276141309411205,0.5751266779765867,1
8,3,6,0.375,0.33362226099557857,0.8664320624147578,1
47,13,3,0.2765957446808511,0.587369718829196,0.34011794087145897,1
30,4,7,0.13333333333333333,0.4431654383677751,0.1642050535029792,0
38,19,4,0.5,0.5345130514533124,0.4828887765959481,1
13,8,8,0.6153846153846154,0.121305724357203,0.07969282907635356,0
18,15,8,0.8333333333333334,0.630844243988933,0.35267132191883277,1
47,17,5,0.3617021276595745,0.05687017767676528,0.16845694810538003,0
20,1,6,0.05,0.1188593710658723,0.497632864554198,0
7,4,1,0.5714285714285714,0.5858576944487138,0.8836459284397469,1
13,18,6,1.3846153846153846,0.9209949618064521,0.5875388479616998,1
49,14,2,0.2857142857142857,0.9137685825073913,0.5879152536181912,1
25,15,2,0.6,0.2563705136448037,0.9700225064189045,1
47,8,5,0.1702127659574468,0.18377811135446254,0.12093733751560864,0
47,8,7,0.1702127659574468,0.1188680975384413,0.15304579312758715,0
10,9,9,0.9,0.2414102415120225,0.0021920800034544996,0
38,4,1,0.10526315789473684,0.6974548715242065,0.4139076746731186,1
45,18,2,0.4,0.6949089026641107,0.8362866450404938,1
29,15,5,0.5172413793103449,0.8349952861731339,0.6980339518334537,1
27,14,9,0.5185185185185185,0.032941985731881895,0.867075739658017,1
29,6,3,0.20689655172413793,0.7388401733675642,0.19878645166987774,0
24,5,1,0.20833333333333334,0.643328514216812,0.3366048900576961,0
19,7,5,0.3684210526315789,0.8827188245975156,0.6891015514168899,1
21,17,7,0.8095238095238095,0.5300681159963485,0.9819942695812048,1
9,3,9,0.3333333333333333,0.05040319891013145,0.6610165863198756,0
5,13,1,2.6,0.6927514656826592,0.3324499298308241,1
31,3,5,0.0967741935483871,0.4326978592490853,0.5511869125624752,0
47,4,6,0.0851063829787234,0.4920693313853013,0.49964633884553944,0
48,8,8,0.16666666666666666,0.7990137653543576,0.3818830498165956,1
8,13,3,1.625,0.07071409254779926,0.9180962598385664,1
44,6,1,0.13636363636363635,0.03233765554518375,0.9202874604469008,0
34,8,8,0.23529411764705882,0.34731118530461025,0.25193265833393685,0
31,17,1,0.5483870967741935,0.8373224313184876,0.9904928569276553,1
25,12,5,0.48,0.752527688902391,0.7915640184989731,1
46,14,7,0.30434782608695654,0.8738115532051418,0.2012961046302324,1
48,7,6,0.14583333333333334,0.3692760726373385,0.9707033123191332,1
39,9,4,0.23076923076923078,0.5595930101025335,0.7015642450856853,1
25,3,7,0.12,0.039579808204168954,0.6569275800987091,0
44,17,5,0.38636363636363635,0.19436023976772965,0.27610148394589296,0
34,10,3,0.29411764705882354,0.7347801194847478,0.26045922448735137,1
10,5,2,0.5,0.45681027307862065,0.047657686449974146,0
6,15,7,2.5,0.7770880643778293,0.5697293934440077,1
48,4,4,0.08333333333333333,0.18496246881415734,0.7579916838722691,0
32,1,8,0.03125,0.3733533258956744,0.5474317590664299,0
22,5,4,0.22727272727272727,0.23858815665035282,0.7324970741279598,0
25,12,5,0.48,0.6344652647170056,0.48055861760151486,1
30,9,4,0.3,0.6683375912284579,0.2262099832060127,0
6,13,4,2.1666666666666665,0.06289499782788821,0.7340484910395604,1
34,18,9,0.5294117647058824,0.6554964666102477,0.013264494242546054,0
19,12,6,0.631578947368421,0.27655253956727355,0.4886164933809717,1
28,13,1,0.4642857142857143,0.7971232983063264,0.6399682534013516,1
48,8,9,0.16666666666666666,0.19394547623435576,0.821914625393484,0
18,17,8,0.9444444444444444,0.836055913463033,0.6740125530345435,1
25,5,9,0.2,0.19665416083439768,0.02920128201298644,0
43,1,1,0.023255813953488372,0.24830793273355733,0.6072190816714277,0
26,11,4,0.4230769230769231,0.0016421818662436527,0.09921392233140602,0
30,3,9,0.1,0.8037954597071367,0.8676935622981504,1
30,6,8,0.2,0.36955132397101886,0.7854290064282725,1
29,18,7,0.6206896551724138,0.8085906845936203,0.398278541779035,1
48,6,3,0.125,0.6524363563080973,0.8621805557694248,1
36,4,9,0.1111111111111111,0.9751619985703549,0.7374352623931918,1
9,3,3,0.3333333333333333,0.6539876853014163,0.9049951115069204,1
21,2,9,0.09523809523809523,0.3645416134654692,0.3355005769180113,0
14,16,2,1.1428571428571428,0.6849381840812501,0.3897023849648429,1
33,1,8,0.030303030303030304,0.24830166876657278,0.07459276272937032,0
25,9,8,0.36,0.12964367633157625,0.9539948473545973,1
37,5,6,0.13513513513513514,0.774246914404461,0.6834389587263785,1
45,16,4,0.35555555555555557,0.6663189433062969,0.704978080300613,1
36,2,2,0.05555555555555555,0.19906451341936504,0.9479942894838158,1
7,8,3,1.1428571428571428,0.7301410840870334,0.048848672793798786,1
32,10,6,0.3125,0.3505881241245288,0.21953734677442982,0
23,10,8,0.43478260869565216,0.785086599885192,0.4375937833090552,1
42,2,5,0.047619047619047616,0.38111876256679933,0.523458997012729,0
15,18,6,1.2,0.5626026020162719,0.1773627480162946,1
48,8,8,0.16666666666666666,0.4599413017517413,0.5583709757126272,0
43,14,7,0.32558139534883723,0.6622550669162661,0.2992219866781526,1
37,15,7,0.40540540540540543,0.6908021919623162,0.06449331875413311,0
6,2,7,0.3333333333333333,0.2871487098971063,0.339837162902731,0
13,10,7,0.7692307692307693,0.4830730950243751,0.5847105371603056,1
29,3,4,0.10344827586206896,0.5121731950140805,0.11839194498654149,0
34,2,5,0.058823529411764705,0.25996773190243205,0.5197763874593158,0
47,19,9,0.40425531914893614,0.8016952580049499,0.39942914284828224,1
28,5,4,0.17857142857142858,0.9549199897256425,0.5398821951287379,1
22,10,3,0.45454545454545453,0.483282144966789,0.37719343441984166,1
14,14,7,1.0,0.7885051820707338,0.34373776449780324,1
27,7,7,0.25925925925925924,0.5637768353936772,0.3204580377040309,0
18,6,8,0.3333333333333333,0.8383504005303704,0.9642544382169936,1
45,9,3,0.2,0.47422944715264304,0.14155905464408058,0
44,7,4,0.1590909090909091,0.7708051087508986,0.8026974458478171,1
14,4,3,0.2857142857142857,0.09244040351385341,0.33519233970016593,0
41,1,4,0.024390243902439025,0.7235211757285153,0.23142470708532892,0
6,14,4,2.3333333333333335,0.18503052141524712,0.28221601048562284,1
35,19,7,0.5428571428571428,0.35562686298766966,0.34740779214349504,1
14,1,5,0.07142857142857142,0.9345763797377532,0.9299193537047897,1
35,3,1,0.08571428571428572,0.829505682829408,0.8456621674340379,1
17,2,5,0.11764705882352941,0.264781768925218,0.25343844762792145,0
40,3,5,0.075,0.9569429650727537,0.0553995466381656,0
11,18,1,1.6363636363636365,0.11455998650947952,0.3168155804914524,1
22,15,3,0.6818181818181818,0.5718241424733059,0.9598903079442972,1
24,9,8,0.375,0.8549117935232352,0.5663552665965698,1
38,3,5,0.07894736842105263,0.18570436283913816,0.45757957198714105,0
32,3,4,0.09375,0.23081511816949984,0.8741275593756984,0
22,16,6,0.7272727272727273,0.07916506314032778,0.9194750413255206,1
20,8,1,0.4,0.3885003999831761,0.4769035305309661,1
39,13,7,0.3333333333333333,0.8194445262862924,0.8884417078172939,1
47,5,9,0.10638297872340426,0.6654913942603445,0.4483571867634555,1
31,8,2,0.25806451612903225,0.4324185703006901,0.9060695761687882,1
9,6,9,0.6666666666666666,0.8215251211025445,0.6408365654659999,1
14,9,1,0.6428571428571429,0.4326969614287707,0.7994705097118326,1
45,14,4,0.3111111111111111,0.07162837653934184,0.6955552761350011,0
13,5,8,0.38461538461538464,0.6176573452355212,0.17553659167590752,0
38,3,4,0.07894736842105263,0.4020546248432221,0.03058152787850943,0
47,19,1,0.40425531914893614,0.12717403195731825,0.18822246506389462,0
19,5,1,0.2631578947368421,0.9386489767563869,0.8116306131111811,1
42,8,8,0.19047619047619047,0.4508610500892334,0.4005313055161587,0
22,7,6,0.3181818181818182,0.37230707114738126,0.8251179731964067,1
27,14,7,0.5185185185185185,0.9120353584561506,0.08277265162216596,1
32,16,3,0.5,0.2476169950064434,0.4629727694327873,1
25,17,4,0.68,0.28358984384348496,0.44421996379443096,1
10,7,4,0.7,0.19726146996513005,0.5530049919130376,1
31,2,1,0.06451612903225806,0.43353929610826647,0.32493271302765236,0
43,14,7,0.32558139534883723,0.7525144116952307,0.19465180391680748,1
44,5,7,0.11363636363636363,0.5885083682162642,0.3595903905164525,0
27,17,1,0.6296296296296297,0.6425728025903223,0.8173329530873892,1
41,3,2,0.07317073170731707,0.9731013038780055,0.3593618844663955,1
28,11,7,0.39285714285714285,0.5951477352658507,0.5836302283903658,1
38,5,3,0.13157894736842105,0.8304242399128017,0.4617895537250858,1
13,12,9,0.9230769230769231,0.8582082290301615,0.3905905006907183,1
8,17,4,2.125,0.6683430078592474,0.5264787591570849,1
33,19,8,0.5757575757575758,0.2736583676842227,0.800315472254902,1
12,2,7,0.16666666666666666,0.6281373173890803,0.3133560163245459,0
45,7,3,0.15555555555555556,0.22305189061785746,0.429746647949641,0
31,14,8,0.45161290322580644,0.2986531272133508,0.6187280999235923,1
23,11,6,0.4782608695652174,0.46876168960943776,0.474168286731534,1
40,4,3,0.1,0.09859226385811437,0.4935620507699173,0
11,1,2,0.09090909090909091,0.21772234541064195,0.3263750904838808,0
42,11,9,0.2619047619047619,0.1301710185066952,0.5200284134814295,0
48,15,1,0.3125,0.32848898939404614,0.44021691345419744,0
42,10,5,0.23809523809523808,0.982616915281031,0.38017531234491786,1
36,1,2,0.027777777777777776,0.23792562341093226,0.4542102949683493,0
9,9,5,1.0,0.16807484071707735,0.47563672492599185,1
10,2,5,0.2,0.22562324157568114,0.954591972280408,1
48,17,4,0.3541666666666667,0.9045718865954857,0.15623315585724373,1
27,1,4,0.037037037037037035,0.9605533965104289,0.6470322466353404,1
45,10,8,0.2222222222222222,0.31242194622068853,0.8378970283160468,1
41,3,3,0.07317073170731707,0.817244874575775,0.08293775075850784,0
25,19,8,0.76,0.3451350144145847,0.32217324655709423,1
45,4,9,0.08888888888888889,0.13861102723230534,0.9292780129062678,0
20,17,5,0.85,0.0387992073653346,0.5722619660248066,1
5,10,5,2.0,0.8820749644747398,0.3744913560665115,1
23,6,2,0.2608695652173913,0.42507733679791726,0.993265356896752,1
14,10,5,0.7142857142857143,0.7698119345689199,0.26075895550529704,1
25,8,2,0.32,0.5395376268842923,0.9765152232378622,1
31,17,7,0.5483870967741935,0.7248363429607201,0.7079572775904733,1
16,6,9,0.375,0.44140236902308405,0.7410233827316005,1
21,1,4,0.047619047619047616,0.6180325310824534,0.0025282540703237544,0
6,12,2,2.0,0.8054122635728017,0.21846847164648564,1
35,18,2,0.5142857142857142,0.7806362976086486,0.26890957464194354,1
15,7,4,0.4666666666666667,0.2536921872374962,0.5559079324495213,1
30,4,4,0.13333333333333333,0.3395596412565747,0.9144115430869773,1
36,5,2,0.1388888888888889,0.6028238583405275,0.5772689640872233,1
26,12,4,0.46153846153846156,0.9668762146614847,0.5926469861179068,1
46,2,5,0.043478260869565216,0.9974239905787919,0.7255280174715931,1
21,2,9,0.09523809523809523,0.30335372940236094,0.15631580889687413,0
28,14,1,0.5,0.7211651377393412,0.21534294045484503,1
44,14,9,0.3181818181818182,0.8481164514698915,0.6095275921776542,1
10,5,7,0.5,0.17102596339393084,0.44450546702468297,0
23,14,2,0.6086956521739131,0.014409156357775288,0.2160787394134116,0
12,7,3,0.5833333333333334,0.38440978127705383,0.4244212132044818,1
36,16,5,0.4444444444444444,0.2629957878744481,0.8935124662417612,1
21,11,6,0.5238095238095238,0.8720413632762558,0.49140163974667506,1
19,3,7,0.15789473684210525,0.20683769248054695,0.5784166242491883,0
20,8,2,0.4,0.030064846752034358,0.12578376993162033,0
44,1,6,0.022727272727272728,0.28762151262008173,0.6470353615276445,0
41,11,1,0.2682926829268293,0.10323008250883303,0.9574787797309249,1
32,18,8,0.5625,0.39789013545357554,0.7236624115539234,1
32,19,2,0.59375,0.6016587988434406,0.4480266503755034,1
40,17,5,0.425,0.4857209529787645,0.9619827191278498,1
24,15,6,0.625,0.982772518117894,0.3939059875222384,1
12,1,3,0.08333333333333333,0.6646424796185633,0.957648745252799,1
14,18,9,1.2857142857142858,0.5038895029899002,0.7760278990362942,1
33,13,6,0.3939393939393939,0.03107648469455848,0.8984406974738642,1
9,13,5,1.4444444444444444,0.05807005976439861,0.7202032815100105,1
30,6,4,0.2,0.9783674185696848,0.33247141727687013,1
47,9,1,0.19148936170212766,0.7060224495716653,0.20763375846918053,0
17,7,7,0.4117647058823529,0.9849735837538021,0.8245112207796844,1
41,10,1,0.24390243902439024,0.8489758426612491,0.7331601305522902,1
45,13,7,0.28888888888888886,0.32624459899749414,0.24204545476826567,0
29,10,1,0.3448275862068966,0.18437155594502752,0.0944154428389572,0
36,4,5,0.1111111111111111,0.3501892945250308,0.4205366082275853,0
14,2,9,0.14285714285714285,0.4663745185292403,0.15888830377819274,0
21,7,7,0.3333333333333333,0.6218911938154931,0.7697700059248439,1
32,19,2,0.59375,0.7531123736515204,0.794456838784599,1
41,9,9,0.21951219512195122,0.39453926194800704,0.18941790289374483,0
20,8,4,0.4,0.20445628670202165,0.2523318524059611,0
18,18,1,1.0,0.9801589073794058,0.6507365727344641,1
16,18,9,1.125,0.7028336634597798,0.8319931024445243,1
34,16,1,0.47058823529411764,0.25368579730416363,0.37296641216117044,0
13,11,6,0.8461538461538461,0.2477808032907849,0.9605018690942111,1
13,14,6,1.0769230769230769,0.9236676056343722,0.8939164527871504,1
7,17,7,2.4285714285714284,0.5554609043646365,0.24022612084102157,1
38,4,4,0.10526315789473684,0.35440141068988995,0.4435967573259506,0
28,13,9,0.4642857142857143,0.5906221249238358,0.912910299968538,1
44,13,1,0.29545454545454547,0.601402923141526,0.7156335550605809,1
24,2,6,0.08333333333333333,0.7724308256659299,0.5049702805004003,1
41,9,7,0.21951219512195122,0.12988837189127844,0.8453736767533978,0
39,7,1,0.1794871794871795,0.9909433848911541,0.8278397383594411,1
35,7,1,0.2,0.29175876533546596,0.6233278982638581,0
22,12,4,0.5454545454545454,0.43272514223734926,0.9054155727824389,1
39,8,8,0.20512820512820512,0.9456190322235426,0.39957730560188753,1
7,17,3,2.4285714285714284,0.8179648438275314,0.7700590040585219,1
45,15,2,0.3333333333333333,0.8605439275359135,0.24238706450069003,1
14,4,9,0.2857142857142857,0.6423571669627887,0.5105500768119773,1
23,2,7,0.08695652173913043,0.2746002128943337,0.9617793823068119,1
37,6,2,0.16216216216216217,0.3836119450269172,0.47959569899934384,0
27,1,4,0.037037037037037035,0.22895418248196664,0.49337999542612077,0
8,13,1,1.625,0.6964182287344518,0.46709588201173835,1
7,15,9,2.142857142857143,0.05697179852873413,0.4584781308272263,1
8,1,8,0.125,0.6952902573044025,0.8523796778835812,1
19,2,1,0.10526315789473684,0.018420144613168543,0.07901747460970288,0
35,2,1,0.05714285714285714,0.8164496693560618,0.9500472114046593,1
42,7,9,0.16666666666666666,0.5152063851155914,0.2232890682535248,0
45,15,4,0.3333333333333333,0.08218608490845747,0.3158990392212202,0
15,13,4,0.8666666666666667,0.4947867142844582,0.8586451862512173,1
43,15,2,0.3488372093023256,0.49633521089180077,0.8584873715298239,1
16,8,7,0.5,0.31648886303939816,0.48134181974920975,1
28,12,7,0.42857142857142855,0.8120579943013275,0.9428555982592713,1
35,11,7,0.3142857142857143,0.892457779712444,0.3618171826081671,1
16,15,9,0.9375,0.9615428835596473,0.7975100627131375,1
49,9,3,0.1836734693877551,0.6079610058117781,0.5795333915972278,1
5,10,1,2.0,0.7087337599168068,0.9141793256803078,1
47,3,9,0.06382978723404255,0.6552893426876517,0.7304528100015518,1
10,4,9,0.4,0.09289883722575065,0.021497512741502578,0
8,14,5,1.75,0.6845275197896775,0.7575986063522635,1
28,14,4,0.5,0.591492538056248,0.3279003567759583,1
8,2,8,0.25,0.3500324157352971,0.5151012892669549,0
45,2,8,0.044444444444444446,0.14402558055145986,0.48902758385849765,0
13,10,1,0.7692307692307693,0.19736897192968395,0.5501042404237853,1
38,18,2,0.47368421052631576,0.30231017970005036,0.7949716521361421,1
44,10,2,0.22727272727272727,0.18626365972427195,0.047959689959967355,0
27,10,7,0.37037037037037035,0.9612246032506203,0.5571376983607714,1
37,9,9,0.24324324324324326,0.3417504978068153,0.421283363227718,0
12,13,8,1.0833333333333333,0.004750542658334522,0.4932696450549122,1
45,12,2,0.26666666666666666,0.2577468993180667,0.050914196689183955,0
7,3,8,0.42857142857142855,0.22094603637285448,0.7840299263382106,1
49,11,6,0.22448979591836735,0.58563299398999,0.8872368916164408,1
10,14,8,1.4,0.28033382264501827,0.6321818814540685,1
44,2,5,0.045454545454545456,0.6800172880601797,0.6369225994523487,1
7,15,6,2.142857142857143,0.16765153137328714,0.8802852214024636,1
17,4,2,0.23529411764705882,0.5085074478012077,0.7197567407864565,1
40,9,6,0.225,0.17004343902599073,0.3104941884210217,0
40,10,2,0.25,0.7690372477594084,0.7601524711384949,1
9,18,4,2.0,0.7385234718543824,0.24689290486540216,1
38,10,9,0.2631578947368421,0.18344833595006238,0.7096131414497034,0
8,17,7,2.125,0.0072970450135591,0.14983651911757379,1
16,8,4,0.5,0.0842617436274925,0.20371297461310112,0
16,4,6,0.25,0.6244845940738611,0.34967432577315394,1
36,7,9,0.19444444444444445,0.9793714109208957,0.35798810353450594,1
26,8,4,0.3076923076923077,0.4866068965010384,0.02727763761812485,0
15,5,1,0.3333333333333333,0.9349159840606145,0.7941639005137873,1
35,17,9,0.4857142857142857,0.8338292164149969,0.7562049150174416,1
11,4,5,0.36363636363636365,0.3988993639199765,0.25864360136498354,0
25,6,7,0.24,0.21995159000487519,0.945912422233386,1
45,5,3,0.1111111111111111,0.08516286372713244,0.46793408892420063,0
9,7,7,0.7777777777777778,0.48422947677944694,0.39652751374329254,1
30,9,3,0.3,0.5977082647409253,0.17865940175192296,0
5,17,2,3.4,0.32758048644431714,0.25087311027178194,1
39,12,4,0.3076923076923077,0.3393723768777921,0.27658947514655474,0
10,15,9,1.5,0.9298397023157873,0.9309905732571889,1
37,18,8,0.4864864864864865,0.5794940059370707,0.9997461521899759,1
24,7,4,0.2916666666666667,0.2496724493559359,0.8116339906355038,1
10,12,4,1.2,0.4982315634649207,0.28369946160258797,1
31,13,8,0.41935483870967744,0.07372286884070123,0.4663445020912328,0
31,18,2,0.5806451612903226,0.7429247407966609,0.4443595434608162,1
32,9,8,0.28125,0.30831681064378913,0.5281009043173158,0
26,10,6,0.38461538461538464,0.1927157180946376,0.3110281896788474,0
36,19,6,0.5277777777777778,0.5419065026301156,0.7706582755562876,1
21,14,2,0.6666666666666666,0.2136675812758989,0.6253996459340402,1
7,1,1,0.14285714285714285,0.4594415318953563,0.9480219150117294,1
47,9,4,0.19148936170212766,0.28495493816656026,0.4392064576260971,0
14,18,6,1.2857142857142858,0.3628373883931625,0.8739975071888044,1
41,1,8,0.024390243902439025,0.28910280536759647,0.7900375443814202,0
9,18,4,2.0,0.0571102269578776,0.4851084326572068,1
9,18,9,2.0,0.36941703299722217,0.4821946190826366,1
27,13,4,0.48148148148148145,0.3389760789232865,0.05659316117046986,0
31,18,7,0.5806451612903226,0.6878876187646541,0.423746707510562,1
25,7,4,0.28,0.5452077896345506,0.7050353329591413,1
16,2,5,0.125,0.35514408974480516,0.241517645818061,0
20,1,2,0.05,0.1697466881626053,0.12700661641366218,0
28,12,8,0.42857142857142855,0.09794794843106569,0.877133691428294,1
21,6,5,0.2857142857142857,0.5814777884311391,0.06386884336118204,0
14,10,8,0.7142857142857143,0.726352578618686,0.23331034051570987,1
17,1,2,0.058823529411764705,0.6139764930106312,0.11322970185245618,0
37,6,2,0.16216216216216217,0.8861869533983467,0.6740209713582482,1
6,15,8,2.5,0.628589244885488,0.49826601099448375,1
26,1,7,0.038461538461538464,0.2970598108071363,0.7351440544833425,0
16,5,6,0.3125,0.26947723805684454,0.4747485445840809,0
13,3,5,0.23076923076923078,0.09283373047279708,0.7750730804097385,0
38,12,9,0.3157894736842105,0.20054337010939882,0.9802287057978646,1
14,14,2,1.0,0.2820938293032764,0.5922702326248156,1
6,14,4,2.3333333333333335,0.987413638687164,0.202046580058737,1
45,3,1,0.06666666666666667,0.6019790458940679,0.8532914610272537,1
32,14,9,0.4375,0.1554327379702225,0.23081626645845654,0
38,18,9,0.47368421052631576,0.8912477062858091,0.807443830403001,1
15,17,8,1.1333333333333333,0.5624753041994768,0.08219436934229751,1
28,10,1,0.35714285714285715,0.9717706573904942,0.2595203668850733,1
15,8,9,0.5333333333333333,0.5698858272036071,0.15792378695032216,1
13,9,5,0.6923076923076923,0.4694686657844507,0.687510503976587,1
24,17,1,0.7083333333333334,0.3806022888656869,0.2965167798535778,1
36,7,9,0.19444444444444445,0.3744076668762857,0.31379117828492686,0
29,18,3,0.6206896551724138,0.48890190109136944,0.2529574577965257,1
24,14,7,0.5833333333333334,0.6968208180257045,0.015917129751382153,1
25,13,1,0.52,0.6390779445029292,0.9217443399405346,1
44,5,4,0.11363636363636363,0.7240675787803484,0.8228293505368108,1
35,2,3,0.05714285714285714,0.5304715901520782,0.9425596588701665,1
7,8,4,1.1428571428571428,0.5525416134274794,0.9199707592996734,1
23,4,1,0.17391304347826086,0.23779593416633282,0.965919733113915,1
15,2,1,0.13333333333333333,0.595939414408946,0.7831554433733164,1
47,5,7,0.10638297872340426,0.10140596531562629,0.5459495009664108,0
21,11,3,0.5238095238095238,0.729695897696547,0.8125825100968874,1
28,9,8,0.32142857142857145,0.46119689947009956,0.7212453756115106,1
19,16,7,0.8421052631578947,0.8865463073269044,0.48491652030376164,1
31,18,5,0.5806451612903226,0.06919855455492707,0.34916409147577343,0
9,7,8,0.7777777777777778,0.047051710673157277,0.47500265470731606,1
8,10,1,1.25,0.313310800665096,0.26085994302660576,1
18,1,6,0.05555555555555555,0.8969141099460531,0.6402261450522242,1
14,14,8,1.0,0.09287799593808799,0.21744001543734115,1
19,13,9,0.6842105263157895,0.05568327105263471,0.3962971117471008,0
45,3,2,0.06666666666666667,0.6497017561625407,0.6047870906830494,1
47,17,9,0.3617021276595745,0.7370070791850077,0.35083614167438304,1
36,13,2,0.3611111111111111,0.8988351644482954,0.8588010968853952,1
44,15,9,0.3409090909090909,0.13533425797867726,0.07161606791683095,0
25,9,2,0.36,0.14244392781696036,0.6929241130089652,0
48,4,8,0.08333333333333333,0.4505954564249496,0.5801591918007591,0
35,18,5,0.5142857142857142,0.16470380410102337,0.860681862721997,1
32,2,9,0.0625,0.6760683843448877,0.23811288284358034,0
18,8,2,0.4444444444444444,0.13420588226207308,0.3046266942626361,0
47,7,4,0.14893617021276595,0.6058870244020657,0.861780352992547,1
15,19,6,1.2666666666666666,0.2796717926141259,0.982108504256064,1
38,10,5,0.2631578947368421,0.8267726238805896,0.6617892714274011,1
21,1,8,0.047619047619047616,0.685001795330958,0.8768585622339555,1
28,17,9,0.6071428571428571,0.1270970233420714,0.06766305505937997,0
37,6,4,0.16216216216216217,0.08969690953244058,0.28500422475723475,0
20,1,8,0.05,0.699629895105457,0.8883291052636115,1
49,18,3,0.3673469387755102,0.08048875101226938,0.8682101540059795,1
16,11,8,0.6875,0.7611438322106598,0.23053532496019857,1
23,12,2,0.5217391304347826,0.11641543659563713,0.750471903699975,1
7,19,9,2.7142857142857144,0.7427940960877745,0.2924054428513362,1
27,4,8,0.14814814814814814,0.42298890303099856,0.9577446690138689,1
17,3,4,0.17647058823529413,0.5913330006366647,0.18021625894848625,0
7,19,9,2.7142857142857144,0.9773050203957753,0.21736904629823361,1
32,7,5,0.21875,0.17572628830616488,0.05175867800768463,0
32,12,7,0.375,0.7934160466318334,0.32700332525045794,1
43,9,8,0.20930232558139536,0.8842406191967076,0.21199026702360912,1
44,11,2,0.25,0.3741603741392513,0.3351493273985884,0
17,8,1,0.47058823529411764,0.030594731330139235,0.3103697905675311,0
22,10,2,0.45454545454545453,0.22817725923489451,0.2073546087016057,0
29,8,5,0.27586206896551724,0.03016880386406906,0.9324333958238648,1
20,3,1,0.15,0.5235082607824579,0.4654497615125244,0
43,18,8,0.4186046511627907,0.935780448580578,0.6270998592403267,1
7,14,9,2.0,0.18220609113400954,0.33689707413487346,1
16,14,3,0.875,0.2085576786365818,0.12536389861731234,1
49,7,7,0.14285714285714285,0.9663233826412293,0.6110403976971104,1
26,8,3,0.3076923076923077,0.5937948208809936,0.5951794830085471,1
30,9,6,0.3,0.4448210907413702,0.8363968887315556,1
